{"cameraMode":{"drawMode":0,"name":"Shaded","section":"Shading Mode"},"sceneLighting":true,"audioPlay":false,"sceneViewState":{"showFog":true,"showMaterialUpdate":false,"showSkybox":true,"showFlares":true,"showImageEffects":true,"showParticleSystems":true},"in2DMode":false,"pivot":{"x":-5.334291458129883,"y":2.3841867446899416,"z":0.8040218353271484},"rotation":{"x":-0.028191450983285905,"y":-0.8109568953514099,"z":0.03920784592628479,"w":-0.5831131935119629},"size":0.6226459741592407,"orthographic":false}